gene	top_variant
ENSG00000113532	chr5_100903213_TTTC_T
ENSG00000101639	chr18_12994469_G_A
ENSG00000111331	chr12_112936943_C_T
ENSG00000151694	chr2_9555777_A_G
ENSG00000163466	chr2_218219840_T_TA
ENSG00000198793	chr1_11262508_C_G
ENSG00000148773	chr10_128126378_TCCCGCCCG_T
ENSG00000139620	chr12_48682201_T_G
ENSG00000153214	chr2_112055265_T_C
ENSG00000156970	chr15_40136545_G_T
ENSG00000109775	chr4_185425919_G_C
ENSG00000170571	chr5_50460740_A_T
ENSG00000183527	chr21_39256839_C_T
ENSG00000106266	chr7_2354661_C_T
ENSG00000106153	chr7_56088463_C_T
ENSG00000133250	chr19_8514197_C_T
ENSG00000137996	chr1_100266264_G_A
ENSG00000159618	chr16_57533494_C_G
ENSG00000275074	chr8_22112717_A_C
ENSG00000070190	chr4_99816878_G_T
ENSG00000189339	chr1_1694167_G_A
ENSG00000119487	chr9_125650397_G_A
ENSG00000129083	chr11_14459255_ACTTG_A
ENSG00000146834	chr7_100429157_G_C
ENSG00000134824	chr11_61779596_G_A
ENSG00000158457	chr7_129143002_CT_C
ENSG00000256771	chr19_19864681_T_TTTTA
ENSG00000162511	chr1_30757821_C_T
ENSG00000155363	chr1_112674689_G_C
ENSG00000169641	chr1_23168827_C_A
ENSG00000164211	chr5_111512492_G_A
ENSG00000138592	chr15_50428591_TAAC_T
ENSG00000221823	chr2_68262089_G_C
ENSG00000139514	chr13_29603337_TC_T
ENSG00000100347	chr22_43955471_T_C
ENSG00000100908	chr14_24141524_T_C
ENSG00000248333	chr1_1668108_C_T
ENSG00000078618	chr1_51878742_A_C
ENSG00000204267	chr6_32838684_A_G
ENSG00000141994	chr19_5791156_T_C
ENSG00000171763	chr15_45409715_A_T
ENSG00000143603	chr1_154859828_T_C
ENSG00000137776	chr15_58933619_G_A
ENSG00000111802	chr6_24666977_T_TCC
ENSG00000086102	chr9_33290690_G_C
ENSG00000196968	chr10_73773090_GCCAGGACTCCAGGTGTCCAGGACTCCAGGTGT_G
ENSG00000169442	chr1_26317908_C_T
ENSG00000173041	chr7_64563059_A_G
ENSG00000136444	chr17_50478867_C_CGCGCT
ENSG00000122257	chr16_24547996_G_GTTTT
ENSG00000198771	chr1_167630296_C_T
ENSG00000124383	chr2_71130580_G_C
ENSG00000189227	chr15_67521133_A_C
ENSG00000196268	chr19_21397210_T_G
ENSG00000167202	chr15_78077796_G_C
ENSG00000167280	chr17_79074920_C_G
ENSG00000100348	chr22_36494295_T_C
ENSG00000084207	chr11_67584785_C_A
ENSG00000183172	chr22_42101539_GT_G
ENSG00000134056	chr5_69241313_TC_T
ENSG00000130717	chr9_131470014_G_A
ENSG00000131153	chr16_85694546_T_C
ENSG00000099949	chr22_20978154_G_A
ENSG00000165416	chr13_52705878_G_A
ENSG00000251369	chr19_57573562_G_A
ENSG00000204524	chr19_57240604_T_C
ENSG00000101624	chr18_12690939_G_GC
ENSG00000132286	chr11_6481497_C_G
ENSG00000048405	chr7_127368986_A_C
ENSG00000205155	chr19_35745099_C_A
ENSG00000146247	chr6_79077938_G_A
ENSG00000137275	chr6_2903278_C_G
ENSG00000137845	chr15_58749813_T_C
ENSG00000103222	chr16_15949317_C_G
ENSG00000145545	chr5_6655890_G_A
ENSG00000134759	chr18_36172281_G_A
ENSG00000164823	chr8_89902637_A_C
ENSG00000141424	chr18_36129254_G_A
ENSG00000066084	chr12_50511111_A_G
ENSG00000076650	chr19_33081066_G_A
ENSG00000135535	chr6_109382480_G_C
ENSG00000083642	chr13_32574079_T_A
ENSG00000116521	chr1_155269833_G_A
ENSG00000171466	chr19_9630540_G_A
ENSG00000005801	chr11_3379192_C_T
ENSG00000189362	chr2_190574015_A_C
ENSG00000145220	chr4_4290105_A_T
ENSG00000162972	chr2_199850665_T_G
ENSG00000110395	chr11_119200239_T_C
ENSG00000111371	chr12_46279718_G_A
ENSG00000153827	chr2_229758106_A_G
ENSG00000166938	chr15_66280354_A_G
ENSG00000233276	chr3_49480866_A_G
ENSG00000178952	chr16_28846324_A_G
ENSG00000128059	chr4_56435584_G_A
ENSG00000116171	chr1_52927236_A_G
ENSG00000074319	chr11_18526648_C_G
ENSG00000180370	chr3_196740003_G_T
ENSG00000198160	chr1_67005160_C_T
ENSG00000119285	chr1_236598955_T_C
ENSG00000112763	chr6_26454226_G_A
ENSG00000070610	chr9_35749017_G_A
ENSG00000165806	chr10_113679881_CTT_C
ENSG00000228300	chr19_1271275_C_T
ENSG00000255112	chr18_11847784_A_T
ENSG00000051825	chr12_123197031_GTTT_G
ENSG00000122965	chr12_113941584_ACCAT_A
ENSG00000103657	chr15_63876383_G_A
ENSG00000263002	chr19_44141595_A_G
ENSG00000184277	chr15_101653141_C_T
ENSG00000172057	chr17_39875879_G_GC
ENSG00000131373	chr3_15601536_A_G
ENSG00000029639	chr6_155314490_A_G
ENSG00000120616	chr10_32270998_CT_C
ENSG00000063854	chr16_1827174_G_A
ENSG00000171202	chr11_85648050_A_AGACC
ENSG00000082701	chr3_120094435_A_G
ENSG00000137145	chr9_19225190_T_C
ENSG00000154265	chr17_69309223_C_T
ENSG00000160392	chr19_40348424_A_T
ENSG00000196584	chr7_152676167_C_G
ENSG00000139505	chr13_25287439_A_G
ENSG00000186814	chr18_35272297_T_A
ENSG00000101265	chr20_4823485_C_A
ENSG00000151233	chr12_41985623_C_T
ENSG00000141759	chr18_80033965_C_T
ENSG00000169018	chr15_68277673_T_C
ENSG00000175137	chr1_248826724_G_C
ENSG00000135269	chr7_116210621_C_T
ENSG00000142207	chr21_32371819_TA_T
ENSG00000149089	chr11_34866429_G_GAC
ENSG00000149743	chr11_64181623_G_A
ENSG00000136144	chr13_49585565_GCGCCGGGCC_G
ENSG00000174485	chr15_65689803_T_G
ENSG00000103549	chr16_30661398_T_C
ENSG00000107929	chr10_931611_CG_C
ENSG00000167670	chr19_4444657_C_CCCG
ENSG00000174371	chr1_241877473_C_T
ENSG00000125827	chr20_8018890_C_A
ENSG00000165410	chr14_34714682_C_G
ENSG00000109171	chr4_48342137_G_T
ENSG00000172493	chr4_86905379_G_GAAAT
ENSG00000165417	chr14_81239858_AT_A
ENSG00000116455	chr1_111449473_C_T
ENSG00000132950	chr13_19792425_C_CT
ENSG00000176890	chr18_685797_C_T
ENSG00000140577	chr15_90527312_A_G
ENSG00000151327	chr14_35047007_G_T
ENSG00000143198	chr1_165631369_C_T
ENSG00000273841	chr5_69402341_C_T
ENSG00000134905	chr13_110734069_G_A
ENSG00000110851	chr12_107704262_T_C
ENSG00000198961	chr5_109409991_G_T
ENSG00000166170	chr14_103562851_C_CCCG
ENSG00000124406	chr4_42656134_T_A
ENSG00000071967	chr2_171522383_G_A
ENSG00000169738	chr17_82041022_A_G
ENSG00000106948	chr9_114394137_C_T
ENSG00000072858	chr3_113532232_G_A
ENSG00000116237	chr1_6235951_T_TAGCCCGGAGAAACGCGCCGGCTGC
ENSG00000125741	chr19_45586626_C_T
ENSG00000151552	chr4_17512624_T_C
ENSG00000143384	chr1_150592000_T_C
ENSG00000004455	chr1_33066182_C_T
ENSG00000112576	chr6_41941783_CCG_C
ENSG00000171861	chr17_782400_G_T
ENSG00000134779	chr18_36771566_T_C
ENSG00000128340	chr22_37246960_G_T
ENSG00000162607	chr1_62617618_C_A
ENSG00000017260	chr3_130850713_T_G
ENSG00000164938	chr8_94956185_T_G
ENSG00000258890	chr17_64499534_AC_A
ENSG00000119326	chr9_109013843_G_C
ENSG00000112701	chr6_75602002_C_T
ENSG00000131446	chr5_180810676_CCCT_C
ENSG00000072310	chr17_17836967_C_T
ENSG00000065413	chr2_197305025_T_C
ENSG00000163870	chr3_127601686_C_A
ENSG00000077420	chr10_26438309_T_A
ENSG00000185917	chr21_36060375_G_C
ENSG00000198836	chr3_193597542_G_T
ENSG00000101457	chr20_45791998_G_A
ENSG00000141867	chr19_15297803_C_T
ENSG00000163961	chr3_196467613_C_A
ENSG00000100596	chr14_77557176_C_G
ENSG00000177663	chr22_17084998_C_A
ENSG00000049089	chr1_40309148_A_G
ENSG00000105953	chr7_44600462_T_C
ENSG00000153898	chr1_85026913_C_T
ENSG00000155660	chr7_148991439_T_G
ENSG00000111875	chr6_118935167_A_C
ENSG00000110218	chr11_94128854_C_T
ENSG00000266094	chr1_206557313_C_A
ENSG00000142945	chr1_44719589_A_G
ENSG00000066827	chr8_134625449_G_T
ENSG00000177628	chr1_155244682_A_G
ENSG00000176148	chr11_33030652_T_C
ENSG00000115935	chr2_174679054_A_G
ENSG00000115419	chr2_190971836_C_G
ENSG00000113407	chr5_33442018_A_G
ENSG00000166822	chr16_75466801_G_T
ENSG00000120832	chr12_106987195_G_C
ENSG00000172992	chr17_45051737_C_G
ENSG00000161091	chr19_3559121_C_T
ENSG00000165501	chr14_49585033_C_T
ENSG00000111912	chr6_125790938_CT_C
ENSG00000175567	chr11_73982845_G_GGGCTTCGCAGTGT
ENSG00000164880	chr7_1505541_T_C
ENSG00000120699	chr13_36991644_TG_T
ENSG00000162441	chr1_9943262_G_A
ENSG00000091592	chr17_5588140_C_T
ENSG00000186532	chr17_1829845_C_T
ENSG00000089050	chr20_18494550_G_A
ENSG00000197008	chr7_64814762_CA_C
ENSG00000161791	chr12_49730293_T_C
ENSG00000150753	chr5_10256049_T_C
ENSG00000100425	chr22_49829861_C_T
ENSG00000198198	chr1_43378931_T_C
ENSG00000118193	chr1_200621724_A_T
ENSG00000124587	chr6_42977035_T_C
ENSG00000164758	chr8_117520714_TG_T
ENSG00000058063	chr3_182791338_T_C
ENSG00000170881	chr8_124474895_A_AGCC
ENSG00000164038	chr4_103062954_A_G
ENSG00000048392	chr8_102273610_G_T
ENSG00000088448	chr13_110915038_T_C
ENSG00000154124	chr5_14664712_G_A
ENSG00000020922	chr11_94493786_C_T
ENSG00000143924	chr2_42171778_C_A
ENSG00000143119	chr1_110873219_G_A
ENSG00000166821	chr15_89679912_G_A
ENSG00000145725	chr5_102969924_A_G
ENSG00000069943	chr15_55319235_A_G
ENSG00000090615	chr12_132908818_A_G
ENSG00000121594	chr3_119559610_G_T
ENSG00000099940	chr22_20855150_CA_C
ENSG00000107951	chr10_30295916_G_A
ENSG00000142867	chr1_85277177_T_A
ENSG00000026297	chr6_166956504_A_G
ENSG00000065029	chr6_35259577_C_T
ENSG00000136715	chr2_128028089_C_T
ENSG00000109814	chr4_39528808_A_G
ENSG00000064419	chr7_129052603_C_T
ENSG00000184840	chr5_177592261_C_G
ENSG00000136003	chr12_108562581_C_T
ENSG00000089154	chr12_120195096_A_G
ENSG00000215712	chr6_157314534_G_T
ENSG00000162769	chr1_212885550_C_CTTTTTTT
ENSG00000121350	chr12_21446511_AT_A
ENSG00000153786	chr16_85016943_T_C
ENSG00000087299	chr14_50317180_G_T
ENSG00000089022	chr12_111809150_C_G
ENSG00000123485	chr2_233863389_A_T
ENSG00000183617	chr19_3762121_T_C
ENSG00000092929	chr17_75842042_C_T
ENSG00000171475	chr17_40220329_T_G
ENSG00000109270	chr4_99950774_A_G
ENSG00000185504	chr17_81557764_T_A
ENSG00000184661	chr8_25476592_G_A
ENSG00000071626	chr19_1435772_G_A
ENSG00000130511	chr19_18526110_C_CA
ENSG00000173960	chr2_23940430_C_CCT
ENSG00000109805	chr4_17810992_A_C
ENSG00000090686	chr1_21777144_C_T
ENSG00000176623	chr8_86514210_A_C
ENSG00000152082	chr2_130160885_A_G
ENSG00000137449	chr4_14985925_T_C
ENSG00000086300	chr7_26342916_C_T
ENSG00000114544	chr3_126084843_A_G
ENSG00000089775	chr14_64503744_G_A
ENSG00000068028	chr3_50264001_C_G
ENSG00000143418	chr1_150916124_CT_C
ENSG00000184743	chr11_63661199_G_T
ENSG00000059122	chr16_2907316_G_A
ENSG00000145354	chr4_102812017_A_ACATGC
ENSG00000133706	chr5_146166851_AT_A
ENSG00000163634	chr3_63846536_T_C
ENSG00000171617	chr5_74490708_TAAAAAAA_T
ENSG00000128829	chr15_39944171_G_A
ENSG00000079277	chr1_46597228_G_A
ENSG00000096654	chr6_27466141_GGAGAGAGAGAGA_G
ENSG00000079459	chr8_11807229_C_T
ENSG00000113569	chr5_37285752_A_AT
ENSG00000159086	chr21_32624705_T_G
ENSG00000125818	chr20_1118686_A_G
ENSG00000163807	chr3_44739084_A_G
ENSG00000114520	chr3_125542546_C_T
ENSG00000118197	chr1_200674394_A_G
ENSG00000124523	chr6_13574110_G_A
ENSG00000101474	chr20_24992747_A_G
ENSG00000196652	chr7_99455691_G_C
ENSG00000145715	chr5_87267958_C_CA
ENSG00000133872	chr8_30063490_T_C
ENSG00000143862	chr1_202143771_C_A
ENSG00000117461	chr1_46132597_C_A
ENSG00000197971	chr18_77139578_GT_G
ENSG00000154237	chr15_100918972_C_G
ENSG00000069998	chr22_17161717_T_TA
ENSG00000132323	chr2_238200726_G_A
ENSG00000090857	chr16_70081878_C_T
ENSG00000123213	chr5_65751630_G_A
ENSG00000101160	chr20_59008576_TATAGGAGCTGGG_T
ENSG00000170242	chr11_11782012_T_C
ENSG00000180776	chr13_21459324_G_A
ENSG00000137574	chr8_55822561_T_C
ENSG00000110321	chr11_10809273_G_A
ENSG00000170464	chr5_139423390_CT_C
ENSG00000196843	chr2_96536753_T_C
ENSG00000166946	chr15_43099332_CA_C
ENSG00000112739	chr6_4021060_A_T
ENSG00000090487	chr15_64989853_G_A
ENSG00000101751	chr18_54314472_C_T
ENSG00000083720	chr5_41870573_T_C
ENSG00000005100	chr17_5468939_G_A
ENSG00000181555	chr3_47151274_A_T
ENSG00000103148	chr16_139972_T_C
ENSG00000090273	chr1_27083685_C_G
ENSG00000134262	chr1_113905154_C_G
ENSG00000120063	chr17_65051891_T_C
ENSG00000126456	chr19_49658550_T_C
ENSG00000112308	chr6_24720812_G_C
ENSG00000180817	chr10_70233092_C_G
ENSG00000060069	chr18_79712436_C_A
ENSG00000198355	chr22_49962626_C_T
ENSG00000074071	chr16_1942811_A_T
ENSG00000050393	chr6_13814108_T_C
ENSG00000084093	chr4_56907164_C_T
ENSG00000105193	chr19_39435961_C_T
ENSG00000189190	chr19_52786791_T_A
ENSG00000147526	chr8_38781657_T_C
ENSG00000164818	chr7_794456_C_T
ENSG00000146535	chr7_2842322_AT_A
ENSG00000104356	chr8_98117330_G_A
ENSG00000119185	chr2_9474394_G_A
ENSG00000154144	chr11_124612437_C_T
ENSG00000108064	chr10_58383120_T_C
ENSG00000119707	chr14_73058557_A_T
ENSG00000140451	chr15_64830736_C_T
ENSG00000172939	chr3_38218217_T_A
ENSG00000122884	chr10_73284736_CCA_C
ENSG00000081189	chr5_88848703_A_G
ENSG00000168488	chr16_28887472_T_C
ENSG00000136104	chr13_50909867_G_C
ENSG00000163521	chr2_219200509_G_A
ENSG00000163607	chr3_112990981_C_G
ENSG00000205581	chr21_39345552_C_A
ENSG00000111711	chr12_21501897_G_T
ENSG00000228409	chr7_65856731_C_T
ENSG00000107020	chr9_5438435_C_A
ENSG00000120254	chr6_150869483_A_G
ENSG00000166557	chr15_79311168_G_A
ENSG00000100979	chr20_45911539_A_G
ENSG00000232956	chr7_45034291_A_G
ENSG00000050405	chr12_50279701_G_A
ENSG00000137478	chr11_72985604_C_T
ENSG00000181026	chr15_88628660_C_T
ENSG00000100350	chr22_36505575_C_A
ENSG00000115677	chr2_241237728_C_CAT
ENSG00000125445	chr17_75265195_C_T
ENSG00000162298	chr11_65132799_G_T
ENSG00000100726	chr16_1489191_A_G
ENSG00000009335	chr7_157166728_G_A
ENSG00000109618	chr4_25157768_A_T
ENSG00000044090	chr6_43103456_G_GGTGTGT
ENSG00000112130	chr6_37354015_G_T
ENSG00000144791	chr3_45584211_A_G
ENSG00000020633	chr1_24927826_C_T
ENSG00000171316	chr8_60698624_G_A
ENSG00000160959	chr8_144490505_CA_C
ENSG00000184164	chr22_49917719_A_T
ENSG00000101057	chr20_43592966_G_A
ENSG00000143799	chr1_226407946_C_G
ENSG00000161618	chr19_49461576_T_C
ENSG00000180902	chr2_241734689_A_G
ENSG00000181666	chr19_37303312_C_G
ENSG00000131669	chr9_93133817_G_A
ENSG00000164296	chr5_150008054_T_TTC
ENSG00000143977	chr2_70310041_C_T
ENSG00000082641	chr17_48226196_G_A
ENSG00000006744	chr17_13018031_G_C
ENSG00000184898	chr2_151280848_A_AT
ENSG00000112339	chr6_135054854_T_C
ENSG00000148459	chr10_26680966_T_G
ENSG00000174720	chr4_112637203_C_A
ENSG00000214530	chr11_72786417_C_T
ENSG00000087266	chr4_2803136_G_A
ENSG00000106400	chr7_101217355_T_C
ENSG00000111670	chr12_101844351_T_C
ENSG00000169764	chr2_63684627_G_A
ENSG00000197601	chr11_13751995_A_G
ENSG00000184445	chr12_122624016_C_T
ENSG00000153406	chr16_4460875_CAAA_C
ENSG00000170989	chr1_101236990_G_C
ENSG00000205423	chr16_50025257_G_C
ENSG00000027869	chr1_156816783_C_A
ENSG00000148484	chr10_16817619_G_C
ENSG00000119431	chr9_113376982_G_A
ENSG00000172375	chr11_119119029_G_A
ENSG00000157837	chr12_120910846_T_C
ENSG00000172893	chr11_71439171_C_T
ENSG00000091127	chr7_105521820_G_GGAGCGGGGAGCGGA
ENSG00000068724	chr2_46916048_G_A
ENSG00000149577	chr11_117132812_G_C
ENSG00000136936	chr9_97599582_C_T
ENSG00000123200	chr13_45976003_C_A
ENSG00000154945	chr17_50707739_C_A
ENSG00000131844	chr5_71463829_TAA_T
ENSG00000115902	chr2_64988353_C_G
ENSG00000166579	chr17_8462845_C_T
ENSG00000145414	chr4_163115211_A_T
ENSG00000151014	chr4_139005976_A_G
ENSG00000072958	chr19_16197975_T_TCGCTGCCGCCGCCACCGCCCTCGGC
ENSG00000175782	chr12_68746192_A_G
ENSG00000120370	chr1_170424776_C_T
ENSG00000140575	chr15_90347806_CCTTT_C
ENSG00000126858	chr17_32140497_C_CT
ENSG00000170185	chr4_143184887_T_G
ENSG00000066697	chr9_100427278_T_C
ENSG00000122643	chr7_33031107_C_CA
ENSG00000138029	chr2_26176612_C_G
ENSG00000106771	chr9_109116676_G_A
ENSG00000130475	chr19_17747755_C_G
ENSG00000068796	chr5_62306223_C_T
ENSG00000082898	chr2_61555714_G_A
ENSG00000084754	chr2_26165107_G_GTA
ENSG00000146067	chr5_177559205_G_A
ENSG00000146386	chr6_139029045_G_A
ENSG00000117868	chr7_158806075_G_A
ENSG00000138134	chr10_88881290_C_T
ENSG00000151690	chr2_190464903_T_G
ENSG00000258315	chr17_7014531_C_A
ENSG00000182141	chr19_21422381_CT_C
ENSG00000138185	chr10_95680340_TCA_T
ENSG00000180423	chr11_46635880_T_G
ENSG00000119048	chr5_134179281_T_G
ENSG00000076554	chr8_80171625_T_C
ENSG00000101439	chr20_23633624_G_A
ENSG00000101255	chr20_380663_C_A
ENSG00000177889	chr12_93452290_A_T
ENSG00000206527	chr3_123627746_A_AT
ENSG00000125779	chr20_3887708_A_G
ENSG00000112984	chr5_138119943_A_AT
ENSG00000241258	chr7_66114851_A_G
ENSG00000198060	chr10_92202367_T_C
ENSG00000244165	chr19_10116334_A_G
ENSG00000172123	chr17_35433109_G_C
ENSG00000174173	chr3_101561866_C_T
ENSG00000153006	chr5_64768624_G_C
ENSG00000104549	chr8_125183634_G_GGT
ENSG00000115652	chr2_106196363_G_C
ENSG00000172432	chr6_43629167_C_T
ENSG00000167962	chr16_1987672_GC_G
ENSG00000197879	chr17_1485800_C_CCCGCCCCCCGCA
ENSG00000119408	chr9_124258016_C_G
ENSG00000117724	chr1_214650203_T_G
ENSG00000163026	chr2_24047480_A_C
ENSG00000171862	chr10_87863566_G_A
ENSG00000177595	chr11_812188_G_A
ENSG00000100906	chr14_35395675_G_A
ENSG00000162882	chr2_42791394_T_G
ENSG00000089486	chr16_4537874_C_A
ENSG00000169756	chr2_108534229_C_T
ENSG00000171135	chr3_9885582_G_A
ENSG00000101445	chr20_38839802_T_C
ENSG00000141576	chr17_76265848_A_G
ENSG00000180008	chr14_55101422_C_T
ENSG00000128534	chr7_118198498_C_G
ENSG00000178252	chr3_48925418_CT_C
ENSG00000084090	chr2_96208852_T_C
ENSG00000213015	chr19_55635103_G_A
ENSG00000117676	chr1_26643039_CA_C
ENSG00000124198	chr20_49002298_G_A
ENSG00000100368	chr22_36867664_C_T
ENSG00000198431	chr12_104289246_A_G
ENSG00000111412	chr12_116738051_G_A
ENSG00000110660	chr11_107856936_A_G
ENSG00000144224	chr2_135741666_C_G
ENSG00000069849	chr3_141904305_C_CT
ENSG00000124164	chr20_58386570_C_T
ENSG00000113812	chr3_53853568_G_T
ENSG00000163131	chr1_150642396_C_A
ENSG00000171574	chr19_58406051_A_G
ENSG00000086232	chr7_6062424_C_T
ENSG00000164611	chr5_160421970_G_GGCTGAA
ENSG00000168884	chr4_2756395_C_T
ENSG00000188042	chr2_234496985_TGCTCCC_T
ENSG00000133773	chr12_82366574_TA_T
ENSG00000115165	chr2_157496808_G_A
ENSG00000151748	chr14_50740352_C_CT
ENSG00000141556	chr17_82849592_G_T
ENSG00000135968	chr2_108511840_A_G
ENSG00000166965	chr15_90951019_T_C
ENSG00000104872	chr19_49446149_A_G
ENSG00000163171	chr2_37672572_G_C
ENSG00000189403	chr13_30463766_G_C
ENSG00000107438	chr10_95290993_G_A
ENSG00000104957	chr19_13723190_T_G
ENSG00000197498	chr6_110994738_C_T
ENSG00000113597	chr5_65598578_C_T
ENSG00000108468	chr17_48120393_A_G
ENSG00000170638	chr22_50217680_A_C
ENSG00000066739	chr14_96292719_G_A
ENSG00000124126	chr20_48722611_A_G
ENSG00000034677	chr8_100235888_C_T
ENSG00000176715	chr16_89080454_C_G
ENSG00000137500	chr11_83254435_C_T
ENSG00000115486	chr2_85561052_T_A
ENSG00000135164	chr7_87209822_G_A
ENSG00000162694	chr1_100889993_A_G
ENSG00000127804	chr17_2512056_G_A
ENSG00000110721	chr11_68052868_T_A
ENSG00000133030	chr17_17042272_T_G
ENSG00000137509	chr11_82871092_A_G
ENSG00000171853	chr2_3355733_C_T
ENSG00000103490	chr16_31229650_C_T
ENSG00000162076	chr16_2883279_G_C
ENSG00000149262	chr11_77904382_T_C
ENSG00000125449	chr17_75109922_C_CCCCGCCCCTCGCCTGCCTCGT
ENSG00000247095	chr11_543756_A_AT
ENSG00000124357	chr2_71065833_C_CA
ENSG00000196387	chr12_132920329_C_T
ENSG00000157483	chr15_59376713_A_G
ENSG00000159314	chr17_45417753_C_CAA
ENSG00000132383	chr17_1824199_C_T
ENSG00000137955	chr1_75912676_T_A
ENSG00000158717	chr16_88711120_A_G
ENSG00000089693	chr12_6727671_G_T
ENSG00000139618	chr13_32315831_G_A
ENSG00000120889	chr8_23075198_T_C
ENSG00000221829	chr9_35002134_C_G
ENSG00000160299	chr21_46161160_T_A
ENSG00000077147	chr10_96607461_T_G
ENSG00000231389	chr6_33109494_G_A
ENSG00000089335	chr19_34677640_A_G
ENSG00000188130	chr22_50230378_A_G
ENSG00000114395	chr3_50351176_C_A
ENSG00000008952	chr3_169971399_A_G
ENSG00000137642	chr11_121452768_G_C
ENSG00000167130	chr9_129120261_GA_G
ENSG00000176101	chr9_137022123_G_T
ENSG00000173276	chr21_41956344_G_A
ENSG00000168918	chr2_233055934_T_A
ENSG00000114354	chr3_100774218_C_T
ENSG00000166716	chr15_84736272_CT_C
ENSG00000078142	chr18_42115231_G_A
ENSG00000023902	chr1_150163093_C_T
ENSG00000145088	chr3_121893969_G_A
ENSG00000117625	chr1_211384754_A_G
ENSG00000151470	chr4_129207248_C_T
ENSG00000075292	chr2_71345325_C_T
ENSG00000115942	chr2_200938416_C_T
ENSG00000204852	chr12_110643744_G_A
ENSG00000107175	chr9_35632001_A_G
ENSG00000080189	chr20_46354878_G_A
ENSG00000047315	chr4_57048058_CT_C
ENSG00000137944	chr1_89010246_T_C
ENSG00000175309	chr5_178232462_C_A
ENSG00000170017	chr3_105367241_C_T
ENSG00000116266	chr1_108735740_T_C
ENSG00000197329	chr2_64144163_G_C
ENSG00000130695	chr1_26204328_CT_C
ENSG00000116731	chr1_13711084_CA_C
ENSG00000140990	chr16_1965513_A_G
ENSG00000113460	chr5_34894883_A_G
ENSG00000078304	chr14_101660602_G_A
ENSG00000177989	chr22_50526433_G_A
ENSG00000114331	chr3_195287404_ATT_A
ENSG00000171681	chr12_14365608_A_AC
ENSG00000064726	chr15_83035899_A_T
ENSG00000102710	chr13_36946111_C_A
ENSG00000143437	chr1_150876627_C_A
ENSG00000039123	chr5_55372892_ATGTG_A
ENSG00000183624	chr3_129278865_TGAG_T
ENSG00000127423	chr1_26011517_CT_C
ENSG00000204138	chr1_28409196_A_C
ENSG00000197818	chr20_49830059_T_C
ENSG00000116663	chr1_11666625_G_A
ENSG00000072274	chr3_196101493_C_T
ENSG00000176783	chr5_179573172_G_C
ENSG00000136280	chr7_45034291_A_G
ENSG00000072756	chr3_3128598_CAAAAAAAAAAAAA_C
ENSG00000148400	chr9_136537422_G_A
ENSG00000120742	chr3_150590388_A_G
ENSG00000188921	chr9_21031472_C_A
ENSG00000040633	chr17_7071434_T_C
ENSG00000163528	chr3_14114863_C_G
ENSG00000128272	chr22_39541953_GC_G
ENSG00000164916	chr7_4484846_A_G
ENSG00000159259	chr21_36436250_C_G
ENSG00000148303	chr9_133318576_T_C
ENSG00000151176	chr12_113358594_T_C
ENSG00000148154	chr9_111896712_T_G
ENSG00000203705	chr1_212721236_C_T
ENSG00000125633	chr2_118010713_T_C
ENSG00000128891	chr15_40748907_A_AT
ENSG00000149499	chr11_62680091_C_A
ENSG00000132530	chr17_6755827_G_C
ENSG00000124067	chr16_67869084_CT_C
ENSG00000134057	chr5_69167187_G_T
ENSG00000126790	chr14_59649490_A_C
ENSG00000006194	chr16_3295558_G_GGCCGAGCGAGGCGATGGGAGA
ENSG00000168214	chr4_26034410_G_A
ENSG00000198554	chr14_55044646_T_TTTTTC
ENSG00000141577	chr17_81361004_C_T
ENSG00000180011	chr18_75193024_G_A
ENSG00000096384	chr6_44138811_C_T
ENSG00000175054	chr3_142632611_T_C
ENSG00000075945	chr1_170110872_G_A
ENSG00000074054	chr2_121751413_T_C
ENSG00000149289	chr11_110097460_G_C
ENSG00000151498	chr11_134430373_A_T
ENSG00000174442	chr15_66311050_TA_T
ENSG00000104805	chr19_48900308_A_C
ENSG00000152689	chr2_33476728_C_CCT
ENSG00000138594	chr15_51736755_T_TCACCTA
ENSG00000188493	chr19_40738982_G_A
ENSG00000203760	chr6_126214081_C_T
ENSG00000047056	chr10_1170116_G_A
ENSG00000221838	chr7_100103553_G_A
ENSG00000168071	chr11_64340263_G_A
ENSG00000100532	chr14_54451619_CCTGCA_C
ENSG00000138617	chr15_65288670_T_C
ENSG00000100395	chr22_41291596_T_TA
ENSG00000123739	chr4_109729990_C_A
ENSG00000127952	chr7_75985239_G_A
ENSG00000128789	chr18_12641374_C_CT
ENSG00000120437	chr6_159630347_A_G
ENSG00000090097	chr3_51815343_T_TA
ENSG00000064651	chr5_128213495_G_A
ENSG00000089053	chr12_121354339_C_T
ENSG00000091542	chr17_18358422_A_G
ENSG00000136122	chr13_72548063_T_C
ENSG00000174021	chr1_84506150_G_C
ENSG00000234444	chr7_64345732_T_TAAAA
ENSG00000161692	chr17_44708845_G_C
ENSG00000143337	chr1_179924217_C_T
ENSG00000180398	chr2_46981230_A_AT
ENSG00000108510	chr17_62213199_G_A
ENSG00000184640	chr17_77319476_C_T
ENSG00000164253	chr5_77470047_G_A
ENSG00000072803	chr5_172182623_A_G
ENSG00000103042	chr16_58683970_G_A
ENSG00000198001	chr12_43739319_G_A
ENSG00000144401	chr2_207476238_A_G
ENSG00000132906	chr1_15498359_AT_A
ENSG00000100124	chr22_37651450_C_T
ENSG00000111011	chr12_122628637_CA_C
ENSG00000107537	chr10_13298780_C_A
ENSG00000141698	chr17_41885423_C_T
ENSG00000066923	chr7_100174226_A_G
ENSG00000142534	chr19_49630609_C_T
ENSG00000130303	chr19_17405591_A_AGCTGAAAG
ENSG00000145907	chr5_151842056_TAA_T
ENSG00000104904	chr19_2275080_A_G
ENSG00000215375	chr4_689228_G_A
ENSG00000110756	chr11_18280368_A_G
ENSG00000109920	chr11_47961218_C_T
ENSG00000183495	chr12_132022660_C_CT
ENSG00000093144	chr6_127244169_G_A
ENSG00000144711	chr3_13098552_C_T
ENSG00000164347	chr5_74786118_T_C
ENSG00000176102	chr11_33184502_T_A
ENSG00000163512	chr3_28533968_C_G
ENSG00000141380	chr18_26069507_TAAA_T
ENSG00000183665	chr8_124540035_T_C
ENSG00000127527	chr19_16483608_T_G
ENSG00000165406	chr10_45548432_C_T
ENSG00000134758	chr18_32151117_C_T
ENSG00000126581	chr17_42670660_C_T
