gene	top_variant
ENSG00000101104	chr20_44900820_C_G
ENSG00000113532	chr5_100903213_TTTC_T
ENSG00000101639	chr18_12994469_G_A
ENSG00000151694	chr2_9555777_A_G
ENSG00000111331	chr12_112938526_C_A
ENSG00000163466	chr2_218219840_T_TA
ENSG00000148773	chr10_128126378_TCCCGCCCG_T
ENSG00000139620	chr12_48682201_T_G
ENSG00000198793	chr1_11262508_C_G
ENSG00000106153	chr7_56106447_G_T
ENSG00000156970	chr15_40136545_G_T
ENSG00000137996	chr1_100266264_G_A
ENSG00000233276	chr3_49442386_GATT_G
ENSG00000153214	chr2_112055265_T_C
ENSG00000109775	chr4_185425919_G_C
ENSG00000173041	chr7_64563059_A_G
ENSG00000090612	chr12_133181514_G_A
ENSG00000133250	chr19_8514197_C_T
ENSG00000159618	chr16_57533494_C_G
ENSG00000264538	chr17_30729377_G_C
ENSG00000183527	chr21_39256839_C_T
ENSG00000158457	chr7_129143002_CT_C
ENSG00000106266	chr7_2354661_C_T
ENSG00000174136	chr5_98771637_C_T
ENSG00000162511	chr1_30757821_C_T
ENSG00000119487	chr9_125650397_G_A
ENSG00000129083	chr11_14502787_G_A
ENSG00000275074	chr8_22112717_A_C
ENSG00000138592	chr15_50428591_TAAC_T
ENSG00000146834	chr7_100429157_G_C
ENSG00000160766	chr1_155227477_T_C
ENSG00000070190	chr4_99816878_G_T
ENSG00000127914	chr7_92104351_C_T
ENSG00000071054	chr2_101697147_G_C
ENSG00000155363	chr1_112674689_G_C
ENSG00000100908	chr14_24141524_T_C
ENSG00000166435	chr11_74949098_G_C
ENSG00000103253	chr16_735717_T_C
ENSG00000100347	chr22_43955471_T_C
ENSG00000130338	chr6_158232185_G_A
ENSG00000256771	chr19_19864681_T_TTTTA
ENSG00000179399	chr13_91409624_G_A
ENSG00000169684	chr15_78565470_TGGGCGGGGCCAGAGGGAAATAG_T
ENSG00000166377	chr18_79105731_A_T
ENSG00000169641	chr1_23168827_C_A
ENSG00000164182	chr5_60945159_A_G
ENSG00000189339	chr1_1689465_A_G
ENSG00000164211	chr5_111512492_G_A
ENSG00000204267	chr6_32838684_A_G
ENSG00000279170	chr6_99518929_G_A
ENSG00000169442	chr1_26317908_C_T
ENSG00000113318	chr5_80646538_G_T
ENSG00000221823	chr2_68262089_G_C
ENSG00000171763	chr15_45409715_A_T
ENSG00000111802	chr6_24666977_T_TCC
ENSG00000196968	chr10_73773090_GCCAGGACTCCAGGTGTCCAGGACTCCAGGTGT_G
ENSG00000248333	chr1_1668108_C_T
ENSG00000143603	chr1_154859828_T_C
ENSG00000141994	chr19_5791156_T_C
ENSG00000137776	chr15_58933619_G_A
ENSG00000197548	chr3_11297643_C_G
ENSG00000086102	chr9_33290690_G_C
ENSG00000167202	chr15_78077796_G_C
ENSG00000167280	chr17_79074920_C_G
ENSG00000084207	chr11_67583533_C_T
ENSG00000189227	chr15_67521133_A_C
ENSG00000122257	chr16_24547996_G_GTTTT
ENSG00000101160	chr20_59007230_C_CCGGCCT
ENSG00000152348	chr5_81983202_C_G
ENSG00000124383	chr2_71130580_G_C
ENSG00000196268	chr19_21397210_T_G
ENSG00000078618	chr1_51878742_A_C
ENSG00000136444	chr17_50478867_C_CGCGCT
ENSG00000183172	chr22_42063618_C_T
ENSG00000187621	chr14_95670438_C_A
ENSG00000135976	chr2_97113454_C_G
ENSG00000110455	chr11_44066439_G_T
ENSG00000100348	chr22_36494295_T_C
ENSG00000132286	chr11_6481497_C_G
ENSG00000198771	chr1_167630296_C_T
ENSG00000123104	chr12_26828518_T_C
ENSG00000101624	chr18_12690939_G_GC
ENSG00000204524	chr19_57240604_T_C
ENSG00000131153	chr16_85689436_C_T
ENSG00000146247	chr6_79077938_G_A
ENSG00000103222	chr16_15949317_C_G
ENSG00000205155	chr19_35745099_C_A
ENSG00000130717	chr9_131470014_G_A
ENSG00000130340	chr6_157834150_G_T
ENSG00000162885	chr1_235513988_G_T
ENSG00000095209	chr9_105694091_C_CG
ENSG00000048405	chr7_127416335_T_G
ENSG00000251369	chr19_57573562_G_A
ENSG00000090905	chr16_24807595_A_G
ENSG00000141424	chr18_36129254_G_A
ENSG00000164823	chr8_89902637_A_C
ENSG00000165416	chr13_52705878_G_A
ENSG00000099949	chr22_20978154_G_A
ENSG00000189362	chr2_190574015_A_C
ENSG00000076650	chr19_33081066_G_A
ENSG00000066084	chr12_50511111_A_G
ENSG00000111371	chr12_46279718_G_A
ENSG00000137845	chr15_58749813_T_C
ENSG00000005801	chr11_3379192_C_T
ENSG00000162924	chr2_60872285_A_C
ENSG00000128059	chr4_56435584_G_A
ENSG00000163697	chr4_41216537_C_G
ENSG00000110395	chr11_119200239_T_C
ENSG00000135535	chr6_109382480_G_C
ENSG00000116171	chr1_52927236_A_G
ENSG00000187231	chr2_179184857_T_TA
ENSG00000063854	chr16_1827174_G_A
ENSG00000145476	chr4_186191475_G_C
ENSG00000184277	chr15_101653141_C_T
ENSG00000162972	chr2_199850665_T_G
ENSG00000134759	chr18_36172281_G_A
ENSG00000146243	chr6_78867927_A_C
ENSG00000145220	chr4_4290105_A_T
ENSG00000171055	chr2_36599600_A_G
ENSG00000188092	chr1_147928400_C_T
ENSG00000083642	chr13_32568660_A_G
ENSG00000116521	chr1_155269833_G_A
ENSG00000001460	chr1_24402426_ATCT_A
ENSG00000165410	chr14_34713142_GA_G
ENSG00000166938	chr15_66280354_A_G
ENSG00000165449	chr10_59709780_T_C
ENSG00000216937	chr10_32424547_CT_C
ENSG00000171466	chr19_9680352_A_C
ENSG00000108509	chr17_4987548_T_C
ENSG00000121350	chr12_21437687_T_C
ENSG00000142632	chr1_16206527_C_T
ENSG00000070610	chr9_35749017_G_A
ENSG00000153827	chr2_229758106_A_G
ENSG00000074319	chr11_18526648_C_G
ENSG00000178952	chr16_28846324_A_G
ENSG00000263002	chr19_44141595_A_G
ENSG00000198160	chr1_67005160_C_T
ENSG00000119285	chr1_236598955_T_C
ENSG00000165806	chr10_113679881_CTT_C
ENSG00000143669	chr1_235791850_G_A
ENSG00000145545	chr5_6655890_G_A
ENSG00000180370	chr3_196740003_G_T
ENSG00000070759	chr1_45491156_C_G
ENSG00000051825	chr12_123197031_GTTT_G
ENSG00000101265	chr20_4823485_C_A
ENSG00000172057	chr17_39875879_G_GC
ENSG00000228300	chr19_1271275_C_T
ENSG00000179818	chr2_70086835_C_A
ENSG00000082701	chr3_120094435_A_G
ENSG00000267673	chr19_10327278_A_G
ENSG00000112763	chr6_26466006_A_G
ENSG00000135269	chr7_116210621_C_T
ENSG00000255112	chr18_11847784_A_T
ENSG00000214113	chr6_5261059_G_A
ENSG00000122965	chr12_113941584_ACCAT_A
ENSG00000120616	chr10_32321325_A_G
ENSG00000196470	chr16_48417460_C_T
ENSG00000137145	chr9_19225190_T_C
ENSG00000141867	chr19_15297803_C_T
ENSG00000131373	chr3_15532552_T_G
ENSG00000139734	chr13_60163862_TCCGC_T
ENSG00000171105	chr19_7294391_C_T
ENSG00000149548	chr11_124950601_T_A
ENSG00000107771	chr10_84519497_T_C
ENSG00000139505	chr13_25287439_A_G
ENSG00000149089	chr11_34866429_G_GAC
ENSG00000143384	chr1_150607202_A_T
ENSG00000143198	chr1_165631369_C_T
ENSG00000151233	chr12_42170991_T_G
ENSG00000124406	chr4_42657868_C_CT
ENSG00000196584	chr7_152676167_C_G
ENSG00000175137	chr1_248826724_G_C
ENSG00000029639	chr6_155314490_A_G
ENSG00000169087	chr3_122788589_G_A
ENSG00000138658	chr4_112576974_C_T
ENSG00000136144	chr13_49585565_GCGCCGGGCC_G
ENSG00000182150	chr9_95840724_G_T
ENSG00000169018	chr15_68277673_T_C
ENSG00000054983	chr14_87979796_T_C
ENSG00000171202	chr11_85648050_A_AGACC
ENSG00000141759	chr18_80033965_C_T
ENSG00000134779	chr18_36771566_T_C
ENSG00000167632	chr8_140453882_C_A
ENSG00000151327	chr14_35047007_G_T
ENSG00000154265	chr17_69309223_C_T
ENSG00000108395	chr17_59106801_A_C
ENSG00000137275	chr6_2898362_A_G
ENSG00000103657	chr15_63876383_G_A
ENSG00000172493	chr4_86905379_G_GAAAT
ENSG00000160392	chr19_40348424_A_T
ENSG00000125827	chr20_8000000_G_C
ENSG00000132950	chr13_19792425_C_CT
ENSG00000196141	chr2_200296042_T_C
ENSG00000110328	chr11_11622003_A_C
ENSG00000110851	chr12_107761351_C_G
ENSG00000174371	chr1_241848731_G_A
ENSG00000109171	chr4_48342137_G_T
ENSG00000156831	chr8_125091888_C_A
ENSG00000140577	chr15_90527312_A_G
ENSG00000072858	chr3_113532232_G_A
ENSG00000167670	chr19_4444657_C_CCCG
ENSG00000119139	chr9_69148446_C_T
ENSG00000136492	chr17_62022176_T_A
ENSG00000174485	chr15_65684818_AT_A
ENSG00000166170	chr14_103562851_C_CCCG
ENSG00000033327	chr11_78274002_GT_G
ENSG00000116237	chr1_6235951_T_TAGCCCGGAGAAACGCGCCGGCTGC
ENSG00000134905	chr13_110715303_A_G
ENSG00000167642	chr19_38263036_A_C
ENSG00000110218	chr11_94128854_C_T
ENSG00000106948	chr9_114394137_C_T
ENSG00000071967	chr2_171522383_G_A
ENSG00000142945	chr1_44719589_A_G
ENSG00000142207	chr21_32371819_TA_T
ENSG00000205045	chr17_35537811_T_A
ENSG00000186814	chr18_35272297_T_A
ENSG00000100147	chr22_41723218_GT_G
ENSG00000149743	chr11_64181623_G_A
ENSG00000103549	chr16_30661398_T_C
ENSG00000004455	chr1_33066182_C_T
ENSG00000165417	chr14_81239858_AT_A
ENSG00000065413	chr2_197305025_T_C
ENSG00000116455	chr1_111442607_G_T
ENSG00000128340	chr22_37246960_G_T
ENSG00000101457	chr20_45791998_G_A
ENSG00000146414	chr6_145776045_A_G
ENSG00000169738	chr17_82041022_A_G
ENSG00000151552	chr4_17512624_T_C
ENSG00000049089	chr1_40315941_T_C
ENSG00000161091	chr19_3559121_C_T
ENSG00000164938	chr8_94956185_T_G
ENSG00000124587	chr6_42979275_G_C
ENSG00000197265	chr8_30655454_C_G
ENSG00000171861	chr17_782400_G_T
ENSG00000163870	chr3_127592355_G_A
ENSG00000100599	chr14_92661760_A_C
ENSG00000115419	chr2_190971836_C_G
ENSG00000077044	chr2_233363838_A_G
ENSG00000198742	chr7_99158974_C_T
ENSG00000107929	chr10_931611_CG_C
ENSG00000125741	chr19_45586626_C_T
ENSG00000116127	chr2_73379380_A_C
ENSG00000164506	chr6_147203826_T_G
ENSG00000017260	chr3_130850713_T_G
ENSG00000134982	chr5_112695328_T_C
ENSG00000075884	chr2_143129384_T_C
ENSG00000145349	chr4_113761763_T_C
ENSG00000105953	chr7_44600462_T_C
ENSG00000162607	chr1_62617618_C_A
ENSG00000156103	chr8_88423246_A_G
ENSG00000100596	chr14_77557176_C_G
ENSG00000112576	chr6_41941783_CCG_C
ENSG00000139154	chr12_19541171_G_A
ENSG00000177663	chr22_17084998_C_A
ENSG00000112701	chr6_75602002_C_T
ENSG00000185917	chr21_36060375_G_C
ENSG00000072310	chr17_17836967_C_T
ENSG00000111875	chr6_118935167_A_C
ENSG00000186532	chr17_1829845_C_T
ENSG00000119326	chr9_109013843_G_C
ENSG00000126870	chr7_158926393_C_T
ENSG00000258890	chr17_64499534_AC_A
ENSG00000170881	chr8_124474895_A_AGCC
ENSG00000198961	chr5_109409991_G_T
ENSG00000155660	chr7_148991439_T_G
ENSG00000091592	chr17_5588140_C_T
ENSG00000120699	chr13_36991644_TG_T
ENSG00000090686	chr1_21779075_C_T
ENSG00000151746	chr12_32099868_T_C
ENSG00000241058	chr10_18663634_T_C
ENSG00000141298	chr17_29738271_GGCT_G
ENSG00000215712	chr6_157314534_G_T
ENSG00000198198	chr1_43378931_T_C
ENSG00000113407	chr5_33442018_A_G
ENSG00000197008	chr7_64814762_CA_C
ENSG00000143924	chr2_42173138_T_A
ENSG00000143862	chr1_202143771_C_A
ENSG00000163961	chr3_196467613_C_A
ENSG00000153898	chr1_85026913_C_T
ENSG00000176890	chr18_685797_C_T
ENSG00000183617	chr19_3762121_T_C
ENSG00000185658	chr21_39313589_GCGC_G
ENSG00000147650	chr8_104598109_C_T
ENSG00000162441	chr1_9943262_G_A
ENSG00000058063	chr3_182791338_T_C
ENSG00000175567	chr11_73982845_G_GGGCTTCGCAGTGT
ENSG00000145354	chr4_102789115_C_CATA
ENSG00000120832	chr12_106987195_G_C
ENSG00000066827	chr8_134625449_G_T
ENSG00000118193	chr1_200674394_A_G
ENSG00000026297	chr6_166956504_A_G
ENSG00000198836	chr3_193597542_G_T
ENSG00000166821	chr15_89679912_G_A
ENSG00000204001	chr9_136757877_G_C
ENSG00000161791	chr12_49730293_T_C
ENSG00000100425	chr22_49829861_C_T
ENSG00000174607	chr4_114598693_GGGGCGCGGCTGGGGGGC_G
ENSG00000164758	chr8_117520714_TG_T
ENSG00000176148	chr11_33074299_G_A
ENSG00000136715	chr2_128028089_C_T
ENSG00000197275	chr8_94493315_T_C
ENSG00000105193	chr19_39435961_C_T
ENSG00000250317	chr4_25953443_A_ACGTTTG
ENSG00000165501	chr14_49598641_C_G
ENSG00000103227	chr16_932572_G_A
ENSG00000048392	chr8_102238702_C_T
ENSG00000109814	chr4_39528808_A_G
ENSG00000150753	chr5_10256049_T_C
ENSG00000153786	chr16_85016943_T_C
ENSG00000013503	chr12_106424171_C_CAT
ENSG00000140368	chr15_77009137_G_A
ENSG00000124126	chr20_48749268_T_C
ENSG00000227533	chr1_42965212_G_A
ENSG00000088448	chr13_110915038_T_C
ENSG00000142867	chr1_85277177_T_A
ENSG00000164038	chr4_103062954_A_G
ENSG00000250312	chr4_173807_A_G
ENSG00000184840	chr5_177592261_C_G
ENSG00000164880	chr7_1505541_T_C
ENSG00000069943	chr15_55319235_A_G
ENSG00000130956	chr9_96450096_C_T
ENSG00000099940	chr22_20740457_TA_T
ENSG00000176623	chr8_86514210_A_C
ENSG00000152990	chr4_22516006_T_C
ENSG00000006453	chr7_98401037_G_C
ENSG00000071626	chr19_1435772_G_A
ENSG00000065029	chr6_35259577_C_T
ENSG00000089775	chr14_64480463_C_T
ENSG00000089022	chr12_111809150_C_G
ENSG00000162927	chr2_61018416_G_C
ENSG00000089154	chr12_120195096_A_G
ENSG00000111877	chr6_118935183_T_C
ENSG00000177628	chr1_155244682_A_G
ENSG00000185504	chr17_81557764_T_A
ENSG00000109805	chr4_17810992_A_C
ENSG00000213221	chr9_136362043_G_T
ENSG00000128829	chr15_39934676_T_C
ENSG00000133706	chr5_146166854_T_A
ENSG00000096654	chr6_27466141_GGAGAGAGAGAGA_G
ENSG00000133624	chr7_149581120_CCAAAACCAAAACCAAAACCAAAAA_C
ENSG00000090615	chr12_132908818_A_G
ENSG00000136153	chr13_75634441_T_TA
ENSG00000152082	chr2_130160885_A_G
ENSG00000087299	chr14_50322360_GT_G
ENSG00000067113	chr5_55437455_T_TTTTG
ENSG00000068028	chr3_50264001_C_G
ENSG00000136003	chr12_108562581_C_T
ENSG00000112425	chr6_145553252_A_G
ENSG00000143119	chr1_110873219_G_A
ENSG00000186073	chr15_36579275_G_T
ENSG00000050393	chr6_13814108_T_C
ENSG00000138698	chr4_98432944_T_C
ENSG00000198551	chr19_11552047_A_G
ENSG00000118762	chr4_88007652_G_C
ENSG00000132323	chr2_238200726_G_A
ENSG00000137574	chr8_55822561_T_C
ENSG00000162769	chr1_212885550_C_CTTTTTTT
ENSG00000107779	chr10_86756585_C_T
ENSG00000138760	chr4_76246346_A_T
ENSG00000101474	chr20_24992747_A_G
ENSG00000130511	chr19_18419351_T_G
ENSG00000118263	chr2_207166747_C_T
ENSG00000185811	chr7_50294612_A_G
ENSG00000085365	chr5_78360578_G_C
ENSG00000171475	chr17_40220329_T_G
ENSG00000123213	chr5_65751630_G_A
ENSG00000172728	chr8_33473170_A_G
ENSG00000154124	chr5_14664712_G_A
ENSG00000020922	chr11_94493786_C_T
ENSG00000144021	chr2_96355926_G_T
ENSG00000123485	chr2_233863389_A_T
ENSG00000120063	chr17_65051891_T_C
ENSG00000079459	chr8_11807023_TACAAATAAAA_T
ENSG00000089050	chr20_18494550_G_A
ENSG00000143418	chr1_150965488_AAGG_A
ENSG00000114520	chr3_125542546_C_T
ENSG00000165714	chr12_12357140_C_G
ENSG00000234965	chr22_41890672_A_AT
ENSG00000145725	chr5_103082900_A_G
ENSG00000163634	chr3_63846536_T_C
ENSG00000172354	chr7_100731167_C_T
ENSG00000079277	chr1_46597228_G_A
ENSG00000234492	chr4_108590344_T_C
ENSG00000184661	chr8_25476592_G_A
ENSG00000082805	chr12_987368_AT_A
ENSG00000107890	chr10_27100466_G_C
ENSG00000121594	chr3_119559610_G_T
ENSG00000014164	chr8_143521427_T_C
ENSG00000092929	chr17_75842042_C_T
ENSG00000163807	chr3_44739084_A_G
ENSG00000054277	chr1_241638365_A_G
ENSG00000244405	chr3_186110676_T_C
ENSG00000175711	chr17_83047783_C_T
ENSG00000112739	chr6_4021060_A_T
ENSG00000215440	chr20_58693938_G_C
ENSG00000213096	chr19_24038798_G_A
ENSG00000126858	chr17_32140497_C_CT
ENSG00000088970	chr20_21117636_T_G
ENSG00000059122	chr16_2907316_G_A
ENSG00000086300	chr7_26342916_C_T
ENSG00000069998	chr22_17161717_T_TA
ENSG00000184743	chr11_63661199_G_T
ENSG00000152818	chr6_144286420_G_A
ENSG00000173960	chr2_23940430_C_CCT
ENSG00000107077	chr9_6771267_G_T
ENSG00000185920	chr9_95513507_C_T
ENSG00000133103	chr13_39641819_A_G
ENSG00000114544	chr3_126084843_A_G
ENSG00000118197	chr1_200674394_A_G
ENSG00000171617	chr5_74491840_T_G
ENSG00000169193	chr7_23591332_T_C
ENSG00000188171	chr19_20664011_G_A
ENSG00000166946	chr15_43099332_CA_C
ENSG00000172292	chr2_168450813_G_A
ENSG00000124523	chr6_13574110_G_A
ENSG00000133872	chr8_30063490_T_C
ENSG00000119185	chr2_9413147_C_A
ENSG00000090487	chr15_64989853_G_A
ENSG00000176473	chr14_100378083_G_A
ENSG00000137449	chr4_15089577_T_G
ENSG00000197971	chr18_77139578_GT_G
ENSG00000115904	chr2_38992254_T_TTAAGTA
ENSG00000117461	chr1_46132597_C_A
ENSG00000115109	chr2_120189083_GA_G
ENSG00000108405	chr17_3904738_A_G
ENSG00000159086	chr21_32624705_T_G
ENSG00000145730	chr5_102727431_C_T
ENSG00000109270	chr4_99950774_A_G
ENSG00000113569	chr5_37285752_A_AT
ENSG00000107951	chr10_30287388_G_A
ENSG00000181031	chr17_216884_G_A
ENSG00000154237	chr15_100918972_C_G
ENSG00000135913	chr2_218729766_A_C
ENSG00000113391	chr5_94011884_A_T
ENSG00000112308	chr6_24720812_G_C
ENSG00000171735	chr1_6785504_G_A
ENSG00000175643	chr16_11258456_A_T
ENSG00000101751	chr18_54314472_C_T
ENSG00000126456	chr19_49658550_T_C
ENSG00000100726	chr16_1493567_C_G
ENSG00000090273	chr1_26957575_C_A
ENSG00000104497	chr8_81866076_A_AT
ENSG00000072958	chr19_16242309_CA_C
ENSG00000055163	chr5_157266948_T_A
ENSG00000185420	chr1_246508586_T_C
ENSG00000204130	chr10_68412994_G_T
ENSG00000125124	chr16_56423421_A_T
ENSG00000104356	chr8_98117330_G_A
ENSG00000170464	chr5_139423390_CT_C
ENSG00000196652	chr7_99427984_G_C
ENSG00000009335	chr7_157166728_G_A
ENSG00000004139	chr17_28302062_T_A
ENSG00000125818	chr20_1118686_A_G
ENSG00000189190	chr19_52786791_T_A
ENSG00000074071	chr16_1908977_G_A
ENSG00000168488	chr16_28821908_AT_A
ENSG00000198130	chr2_190340773_G_C
ENSG00000180776	chr13_21459324_G_A
ENSG00000177917	chr2_152718791_G_T
ENSG00000105983	chr7_156897411_G_T
ENSG00000044090	chr6_43103456_G_GGTGTGT
ENSG00000112486	chr6_167119202_C_T
ENSG00000198355	chr22_49962626_C_T
ENSG00000170242	chr11_11782012_T_C
ENSG00000122223	chr1_160861184_T_C
ENSG00000119048	chr5_134179281_T_G
ENSG00000180817	chr10_70233092_C_G
ENSG00000147526	chr8_38781657_T_C
ENSG00000123360	chr12_54558958_T_C
ENSG00000145715	chr5_87267958_C_CA
ENSG00000172939	chr3_38218217_T_A
ENSG00000148950	chr11_31565628_A_G
ENSG00000205423	chr16_50025257_G_C
ENSG00000196843	chr2_96536753_T_C
ENSG00000146535	chr7_2842322_AT_A
ENSG00000107968	chr10_30433979_G_C
ENSG00000144791	chr3_45584211_A_G
ENSG00000164818	chr7_794456_C_T
ENSG00000082641	chr17_48226196_G_A
ENSG00000140451	chr15_64830736_C_T
ENSG00000107242	chr9_68695936_TGTAATTAA_T
ENSG00000163607	chr3_112990981_C_G
ENSG00000100979	chr20_45911539_A_G
ENSG00000170365	chr4_145481775_G_A
ENSG00000119431	chr9_113376982_G_A
ENSG00000131669	chr9_93133817_G_A
ENSG00000197852	chr1_111800478_C_A
ENSG00000196151	chr2_159242767_G_A
ENSG00000083720	chr5_41870573_T_C
ENSG00000107020	chr9_5438435_C_A
ENSG00000232956	chr7_44982071_A_T
ENSG00000153208	chr2_111898486_T_C
ENSG00000179698	chr8_144109615_C_A
ENSG00000078487	chr7_100428669_G_A
ENSG00000136104	chr13_50909867_G_C
ENSG00000228409	chr7_65902851_TTTTA_T
ENSG00000005100	chr17_5468939_G_A
ENSG00000020633	chr1_24927826_C_T
ENSG00000134262	chr1_113891849_G_A
ENSG00000084093	chr4_56918983_A_T
ENSG00000214530	chr11_72786417_C_T
ENSG00000027869	chr1_156816783_C_A
ENSG00000145241	chr4_67545510_C_T
ENSG00000060069	chr18_79679844_G_T
ENSG00000181026	chr15_88628660_C_T
ENSG00000148814	chr10_132330693_T_A
ENSG00000180902	chr2_241734689_A_G
ENSG00000154945	chr17_50707739_C_A
ENSG00000110321	chr11_10809273_G_A
ENSG00000154144	chr11_124612437_C_T
ENSG00000100350	chr22_36505575_C_A
ENSG00000166557	chr15_79311168_G_A
ENSG00000141401	chr18_11979295_T_A
ENSG00000108064	chr10_58385238_C_A
ENSG00000179104	chr12_82720135_C_T
ENSG00000184164	chr22_49917719_A_T
ENSG00000035115	chr2_214889_CA_C
ENSG00000181555	chr3_47039711_CAA_C
ENSG00000130758	chr19_40191464_G_T
ENSG00000112339	chr6_135054854_T_C
ENSG00000070785	chr1_44953151_T_TA
ENSG00000115902	chr2_64988353_C_G
ENSG00000154319	chr8_11420637_T_G
ENSG00000127311	chr12_66301720_A_C
ENSG00000108468	chr17_48120393_A_G
ENSG00000125445	chr17_75265195_C_T
ENSG00000156162	chr8_94676999_A_T
ENSG00000106400	chr7_101217355_T_C
ENSG00000033170	chr14_65501895_ACTTTGT_A
ENSG00000120254	chr6_150869483_A_G
ENSG00000156110	chr10_74139913_CA_C
ENSG00000169764	chr2_63684627_G_A
ENSG00000064201	chr11_2300420_A_G
ENSG00000101057	chr20_43592966_G_A
ENSG00000103196	chr16_84986445_C_G
ENSG00000205581	chr21_39345552_C_A
ENSG00000112130	chr6_37354015_G_T
ENSG00000131844	chr5_71463829_TAA_T
ENSG00000181666	chr19_37303312_C_G
ENSG00000109618	chr4_25160758_G_T
ENSG00000171497	chr4_158713777_G_GAACATCTTGTGCAAAAA
ENSG00000164296	chr5_150008054_T_TTC
ENSG00000166579	chr17_8462845_C_T
ENSG00000110844	chr12_49701078_CA_C
ENSG00000109586	chr4_173161999_G_T
ENSG00000143799	chr1_226407946_C_G
ENSG00000111711	chr12_21501897_G_T
ENSG00000075292	chr2_71345325_C_T
ENSG00000170185	chr4_143184887_T_G
ENSG00000111670	chr12_101844351_T_C
ENSG00000160959	chr8_144490505_CA_C
ENSG00000068796	chr5_62306223_C_T
ENSG00000101654	chr18_13801210_C_T
ENSG00000171316	chr8_60698624_G_A
ENSG00000120162	chr9_27529668_C_T
ENSG00000153406	chr16_4460875_CAAA_C
ENSG00000081189	chr5_88848703_A_G
ENSG00000157837	chr12_120910846_T_C
ENSG00000185736	chr10_1737304_T_C
ENSG00000120370	chr1_170424776_C_T
ENSG00000171853	chr2_3355733_C_T
ENSG00000087266	chr4_2803136_G_A
ENSG00000137478	chr11_72985604_C_T
ENSG00000050405	chr12_50279701_G_A
ENSG00000119707	chr14_73058557_A_T
ENSG00000111666	chr12_101697239_G_T
ENSG00000149577	chr11_117203513_T_C
ENSG00000010030	chr6_36387717_CGCCCGGGT_C
ENSG00000161618	chr19_49461576_T_C
ENSG00000143977	chr2_70276347_T_TAGGC
ENSG00000122643	chr7_33031107_C_CA
ENSG00000123200	chr13_45976003_C_A
ENSG00000115816	chr2_37249643_GACACACAC_G
ENSG00000184898	chr2_151280848_A_AT
ENSG00000174173	chr3_101561866_C_T
ENSG00000172123	chr17_35433109_G_C
ENSG00000219626	chr2_24064728_G_A
ENSG00000143162	chr1_167553792_C_T
ENSG00000136936	chr9_97599582_C_T
ENSG00000172375	chr11_119119029_G_A
ENSG00000178209	chr8_143977310_G_A
ENSG00000138641	chr4_88558231_G_C
ENSG00000174720	chr4_112637203_C_A
ENSG00000102781	chr13_30323319_GA_G
ENSG00000235944	chr7_5830332_A_G
ENSG00000171135	chr3_9885582_G_A
ENSG00000140575	chr15_90347806_CCTTT_C
ENSG00000106771	chr9_109116676_G_A
ENSG00000135750	chr1_233606669_CG_C
ENSG00000163521	chr2_219200509_G_A
ENSG00000091127	chr7_105521820_G_GGAGCGGGGAGCGGA
ENSG00000258315	chr17_7014531_C_A
ENSG00000188647	chr9_69740656_A_G
ENSG00000164304	chr6_7381536_C_CT
ENSG00000006744	chr17_13018031_G_C
ENSG00000162298	chr11_65132799_G_T
ENSG00000182768	chr15_90268392_GGA_G
ENSG00000104957	chr19_13723190_T_G
ENSG00000151466	chr4_129026365_G_A
ENSG00000167962	chr16_1991031_TC_T
ENSG00000162882	chr2_42791394_T_G
ENSG00000206560	chr3_15857377_C_T
ENSG00000151014	chr4_139005976_A_G
ENSG00000130475	chr19_17747755_C_G
ENSG00000132003	chr19_13796991_C_T
ENSG00000175782	chr12_68746192_A_G
ENSG00000076554	chr8_80171625_T_C
ENSG00000138029	chr2_26176612_C_G
ENSG00000171574	chr19_58406051_A_G
ENSG00000189403	chr13_30450108_AAAAC_A
ENSG00000082898	chr2_61555714_G_A
ENSG00000197879	chr17_1484445_GGGGCCTGGGTGCTGA_G
ENSG00000128891	chr15_40476550_CTTTCTTT_C
ENSG00000068724	chr2_46916048_G_A
ENSG00000084754	chr2_26166000_T_C
ENSG00000112984	chr5_138119943_A_AT
ENSG00000117676	chr1_26643039_CA_C
ENSG00000198060	chr10_92202367_T_C
ENSG00000113812	chr3_53907137_G_A
ENSG00000225766	chr14_24008026_A_G
ENSG00000172893	chr11_71439171_C_T
ENSG00000189319	chr10_124722235_C_T
ENSG00000103148	chr16_139972_T_C
ENSG00000120889	chr8_23114694_G_A
ENSG00000177889	chr12_93452290_A_T
ENSG00000141524	chr17_78128784_C_G
ENSG00000138468	chr3_101510843_C_CAAAAAAAA
ENSG00000176225	chr18_70205765_G_A
ENSG00000241258	chr7_66114851_A_G
ENSG00000072415	chr14_67287585_T_C
ENSG00000197016	chr19_56567568_C_T
ENSG00000164611	chr5_160421970_G_GGCTGAA
ENSG00000101236	chr20_3906564_A_C
ENSG00000101445	chr20_38839802_T_C
ENSG00000146282	chr6_87684240_C_A
ENSG00000145414	chr4_163124670_A_G
ENSG00000159314	chr17_45417753_C_CAA
ENSG00000206527	chr3_123627746_A_AT
ENSG00000167077	chr22_41780913_A_T
ENSG00000188042	chr2_234496985_TGCTCCC_T
ENSG00000146242	chr6_82364214_T_G
ENSG00000213366	chr1_109668049_G_T
ENSG00000177595	chr11_812188_G_A
ENSG00000078687	chr17_78054695_T_C
ENSG00000117724	chr1_214650203_T_G
ENSG00000244165	chr19_10107354_C_T
ENSG00000162694	chr1_100889993_A_G
ENSG00000101255	chr20_380663_C_A
ENSG00000138134	chr10_88881290_C_T
ENSG00000125779	chr20_3887708_A_G
ENSG00000141576	chr17_76241244_C_A
ENSG00000128534	chr7_118198498_C_G
ENSG00000157483	chr15_59376713_A_G
ENSG00000146067	chr5_177559205_G_A
ENSG00000101439	chr20_23638438_G_T
ENSG00000136371	chr15_79902138_T_C
ENSG00000163399	chr1_116375763_T_C
ENSG00000137764	chr15_67548914_A_G
ENSG00000066697	chr9_100427278_T_C
ENSG00000239282	chr22_30397281_G_A
ENSG00000086232	chr7_6062424_C_T
ENSG00000117868	chr7_158806075_G_A
ENSG00000144711	chr3_13086335_C_T
ENSG00000178075	chr3_113856843_ATT_A
ENSG00000124164	chr20_58386570_C_T
ENSG00000110660	chr11_107859582_TAAAA_T
ENSG00000184445	chr12_122624016_C_T
ENSG00000047315	chr4_57048058_CT_C
ENSG00000169756	chr2_108534229_C_T
ENSG00000166965	chr15_90932825_C_T
ENSG00000115652	chr2_106196363_G_C
ENSG00000119408	chr9_124258016_C_G
ENSG00000137509	chr11_82928269_G_C
ENSG00000107175	chr9_35632001_A_G
ENSG00000162076	chr16_2883279_G_C
ENSG00000197498	chr6_110981429_C_T
ENSG00000175309	chr5_178232462_C_A
ENSG00000132481	chr17_75876888_A_AG
ENSG00000104549	chr8_125183634_G_GGT
ENSG00000165322	chr10_31957010_TA_T
ENSG00000125449	chr17_75109922_C_CCCCGCCCCTCGCCTGCCTCGT
ENSG00000151748	chr14_50740352_C_CT
ENSG00000176715	chr16_89080454_C_G
ENSG00000111412	chr12_116738051_G_A
ENSG00000153006	chr5_64768624_G_C
ENSG00000140990	chr16_1965513_A_G
ENSG00000133773	chr12_82366574_TA_T
ENSG00000119866	chr2_60550363_G_C
ENSG00000089486	chr16_4537874_C_A
ENSG00000100368	chr22_36867664_C_T
ENSG00000141556	chr17_82849592_G_T
ENSG00000166716	chr15_84673033_A_G
ENSG00000214029	chr12_133130408_C_G
ENSG00000172432	chr6_43629167_C_T
ENSG00000180423	chr11_46635880_T_G
ENSG00000116663	chr1_11666625_G_A
ENSG00000064651	chr5_128057041_A_AAAAC
ENSG00000151690	chr2_190464903_T_G
ENSG00000126249	chr19_34236309_GTACAGTGACAGGA_G
ENSG00000115750	chr2_9926055_G_A
ENSG00000135968	chr2_108511840_A_G
ENSG00000137500	chr11_83254435_C_T
ENSG00000162614	chr1_78071474_GT_G
ENSG00000180008	chr14_55092111_G_T
ENSG00000146386	chr6_139029045_G_A
ENSG00000136068	chr3_57840380_A_G
ENSG00000185104	chr1_51070020_C_T
ENSG00000258704	chr14_35000562_CA_C
ENSG00000163131	chr1_150642396_C_A
ENSG00000173273	chr8_9707882_C_A
ENSG00000168995	chr19_51258607_C_T
ENSG00000243646	chr21_33266554_G_A
ENSG00000155111	chr6_110923933_G_A
ENSG00000109790	chr4_39117679_G_A
ENSG00000151470	chr4_129207248_C_T
ENSG00000137944	chr1_89010246_T_C
ENSG00000163171	chr2_37671088_C_T
ENSG00000100906	chr14_35395675_G_A
ENSG00000124198	chr20_48912271_G_C
ENSG00000183495	chr12_132022660_C_CT
ENSG00000178252	chr3_48925418_CT_C
ENSG00000075945	chr1_170114850_A_G
ENSG00000213015	chr19_55635103_G_A
ENSG00000188227	chr19_37415714_CAA_C
ENSG00000138185	chr10_95680340_TCA_T
ENSG00000095951	chr6_12108138_A_T
ENSG00000134758	chr18_32151117_C_T
ENSG00000122884	chr10_73015877_G_GT
ENSG00000145088	chr3_121890150_T_C
ENSG00000168884	chr4_2758603_C_A
ENSG00000069849	chr3_141904305_C_CT
ENSG00000163357	chr1_154903617_A_AAC
ENSG00000049167	chr5_61110259_TTTC_T
ENSG00000179630	chr13_43848235_A_G
ENSG00000171681	chr12_14365608_A_AC
ENSG00000080298	chr9_3524877_A_C
ENSG00000115165	chr2_157496808_G_A
ENSG00000127804	chr17_2512056_G_A
ENSG00000179588	chr16_88444951_A_G
ENSG00000168071	chr11_64352979_C_T
ENSG00000171643	chr5_77020474_C_A
ENSG00000103490	chr16_31229650_C_T
ENSG00000145860	chr5_159177503_G_A
ENSG00000135164	chr7_87209822_G_A
ENSG00000066739	chr14_96335263_T_C
ENSG00000204138	chr1_28409196_A_C
ENSG00000181804	chr3_143792122_G_A
ENSG00000174021	chr1_84506150_G_C
ENSG00000072736	chr16_68072943_C_T
ENSG00000169744	chr4_16933205_G_A
ENSG00000111275	chr12_111669514_C_T
ENSG00000204842	chr12_111599722_A_G
ENSG00000114395	chr3_50351176_C_A
ENSG00000115942	chr2_200938416_C_T
ENSG00000008952	chr3_169996354_A_G
ENSG00000149289	chr11_110097460_G_C
ENSG00000198554	chr14_55044646_T_TTTTTC
ENSG00000100124	chr22_37651450_C_T
ENSG00000115486	chr2_85561052_T_A
ENSG00000167130	chr9_129120261_GA_G
ENSG00000188921	chr9_21031472_C_A
ENSG00000022567	chr8_141484923_G_A
ENSG00000072274	chr3_196107157_A_AGTGTGTGT
ENSG00000149262	chr11_77904382_T_C
ENSG00000011198	chr3_43587355_T_A
ENSG00000171862	chr10_88007827_G_A
ENSG00000014914	chr1_149746746_T_C
ENSG00000158717	chr16_88711120_A_G
ENSG00000176101	chr9_137022123_G_T
ENSG00000158792	chr16_89705976_T_C
ENSG00000108021	chr10_5684762_A_G
ENSG00000148484	chr10_16817619_G_C
ENSG00000151176	chr12_113358594_T_C
ENSG00000168918	chr2_233055934_T_A
ENSG00000198162	chr1_117370451_A_G
ENSG00000084090	chr2_96208852_T_C
ENSG00000040633	chr17_7071434_T_C
ENSG00000039123	chr5_55307994_T_C
ENSG00000114354	chr3_100774218_C_T
ENSG00000188269	chr19_14993298_A_C
ENSG00000163026	chr2_24047480_A_C
ENSG00000080189	chr20_46354878_G_A
ENSG00000170638	chr22_50217680_A_C
ENSG00000177989	chr22_50526433_G_A
ENSG00000178188	chr16_28821908_AT_A
ENSG00000196387	chr12_132920329_C_T
ENSG00000124067	chr16_67869084_CT_C
ENSG00000281005	chr16_3262480_T_C
ENSG00000154328	chr8_11680582_T_C
ENSG00000034677	chr8_100235888_C_T
ENSG00000151914	chr6_56781749_T_C
ENSG00000139116	chr12_39443135_C_A
ENSG00000151617	chr4_147376028_G_A
ENSG00000205038	chr8_109479432_A_AT
ENSG00000188130	chr22_50230378_A_G
ENSG00000142856	chr1_63560548_A_G
ENSG00000167653	chr8_142670280_T_C
ENSG00000183624	chr3_129278865_TGAG_T
ENSG00000224597	chr10_29475748_G_A
ENSG00000139618	chr13_32315831_G_A
ENSG00000078142	chr18_42041486_A_AT
ENSG00000143337	chr1_179882939_T_C
ENSG00000164096	chr4_119300021_G_C
ENSG00000104427	chr8_78669971_C_T
ENSG00000124678	chr6_35092014_C_T
ENSG00000183696	chr7_47929947_T_A
ENSG00000107438	chr10_95290993_G_A
ENSG00000215375	chr4_689228_G_A
ENSG00000244026	chr3_75441082_C_G
ENSG00000173276	chr21_41956344_G_A
ENSG00000100109	chr22_26533207_C_G
ENSG00000089335	chr19_34677640_A_G
ENSG00000086159	chr12_49794612_CA_C
ENSG00000127952	chr7_75985239_G_A
ENSG00000006194	chr16_3295558_G_GGCCGAGCGAGGCGATGGGAGA
ENSG00000023902	chr1_150163093_C_T
ENSG00000141564	chr17_80676968_C_T
ENSG00000113597	chr5_65598578_C_T
ENSG00000205309	chr17_17303358_G_C
ENSG00000170017	chr3_105367241_C_T
ENSG00000156475	chr5_147050280_C_T
ENSG00000105357	chr19_50160500_C_G
ENSG00000197062	chr6_28242756_TAC_T
ENSG00000091542	chr17_18358422_A_G
ENSG00000197780	chr1_109129593_A_G
ENSG00000173992	chr11_66429663_C_CA
ENSG00000104872	chr19_49446149_A_G
ENSG00000126790	chr14_59649490_A_C
ENSG00000079435	chr19_42595408_C_T
ENSG00000145819	chr5_142771377_T_C
ENSG00000176783	chr5_179551001_G_C
ENSG00000126773	chr14_59973346_G_A
ENSG00000139117	chr12_38803932_T_C
ENSG00000154978	chr7_55579334_T_G
ENSG00000171759	chr12_102944607_G_A
ENSG00000089053	chr12_121352375_G_A
ENSG00000170634	chr2_54113961_G_A
ENSG00000162496	chr1_12611804_A_C
ENSG00000102710	chr13_37059687_T_C
ENSG00000176102	chr11_33184502_T_A
ENSG00000100629	chr14_80933706_C_G
ENSG00000138594	chr15_51788606_T_C
ENSG00000117862	chr1_52055186_CACA_C
ENSG00000263528	chr1_206473875_C_T
ENSG00000134278	chr18_12712003_T_C
ENSG00000153707	chr9_10613049_C_T
ENSG00000171101	chr19_51164706_T_C
ENSG00000112893	chr5_109689998_G_C
ENSG00000111011	chr12_122628637_CA_C
ENSG00000116191	chr1_178722710_T_C
ENSG00000066855	chr8_65562564_CA_C
ENSG00000076108	chr12_56700567_GT_G
ENSG00000107537	chr10_13298780_C_A
ENSG00000149294	chr11_112775739_C_T
ENSG00000203705	chr1_212721236_C_T
ENSG00000077147	chr10_96607461_T_G
ENSG00000154839	chr18_50436483_C_T
ENSG00000159461	chr16_56453533_C_G
ENSG00000170162	chr6_117272106_A_G
ENSG00000198001	chr12_43739319_G_A
ENSG00000196504	chr2_152717014_C_T
ENSG00000106772	chr9_76754071_A_G
ENSG00000089057	chr20_5002446_G_A
ENSG00000197721	chr1_207821084_T_C
ENSG00000148123	chr9_100860017_G_A
ENSG00000141698	chr17_41925028_T_TTTA
ENSG00000197892	chr8_29326990_C_T
ENSG00000204852	chr12_110643744_G_A
ENSG00000116731	chr1_13711084_CA_C
ENSG00000104055	chr15_43098710_T_TA
ENSG00000155849	chr7_37355221_C_T
ENSG00000078304	chr14_101660602_G_A
ENSG00000125618	chr2_113224565_AG_A
ENSG00000131507	chr5_142159304_A_C
ENSG00000039650	chr19_49865622_TTTTC_T
ENSG00000100243	chr22_42631624_C_T
ENSG00000144445	chr2_210168560_T_C
ENSG00000153157	chr6_10997042_TTTAG_T
ENSG00000115825	chr2_37368946_C_T
ENSG00000110721	chr11_68052868_T_A
ENSG00000117625	chr1_211261978_T_C
ENSG00000137692	chr11_103173848_A_G
ENSG00000072756	chr3_3128598_CAAAAAAAAAAAAA_C
ENSG00000118308	chr12_25052867_C_T
ENSG00000198369	chr2_65249266_G_T
ENSG00000165457	chr11_72132528_A_G
ENSG00000133106	chr13_43151917_A_G
ENSG00000051108	chr16_56932159_T_G
ENSG00000187987	chr6_28489733_T_G
ENSG00000239827	chr13_40921788_G_T
ENSG00000122390	chr16_3370866_A_G
ENSG00000161692	chr17_44708845_G_C
ENSG00000174442	chr15_66311050_TA_T
ENSG00000119242	chr12_124164286_C_T
ENSG00000182481	chr17_68008555_A_T
ENSG00000144744	chr3_69090149_T_C
